checkpoint_id,weight
0,0.00775346
1,0.00713119
2,0.00711673
3,0.00708405
4,0.00705649
5,0.00699595
6,0.00629641
7,0.00629641
8,0.00544763
9,0.0052895
10,0.00527731
11,0.00527731
12,0.00522655
13,0.00520984
14,0.00518469
15,0.00512189
16,0.00508333
17,0.0050633
18,0.00501978
19,0.00501677
20,0.00465337
21,0.00460202
22,0.00458741
23,0.00456828
24,0.00413576
25,0.00118085
26,0.00118085
