id,threshold
1,-130.667948
2,474.35863206
3,456.47955033
4,-179.567002
5,-183.892679
6,-174.096539
7,-172.554669
8,-177.091821
9,-147.165002
10,-82.6244512
11,-137.799569
12,-118.838527
13,65.592571555
14,206.2536702
15,-146.103477
16,-199.758034
17,-100.083572
18,-148.714403
19,-163.942479
20,-150.316252
21,-185.677946
22,-161.725152
23,-105.448925
24,-143.933551
