id,return
1,303.489755
2,272.409514
3,358.846725
4,358.315745
5,415.407189
6,339.701946
7,208.482676
8,338.622726
9,346.203931
10,398.146472
11,411.188546
12,199.459763
13,275.07895
14,265.883015
15,-12.354713288
16,337.180469
17,263.20936
18,343.050153
19,123.953578
20,402.453281
21,349.700812
22,328.216458
23,260.230071
24,204.574018
25,386.279747
26,200.633117
27,388.727082
28,166.817163
