id,return
1,-15.3499201
2,66.1019056
3,17.8499217
4,70.4837411
5,75.8075679
6,100.786116
7,-31.65903781
8,-13.916535739
9,209.163136
10,64.9378851
11,-0.0890383566
12,14.9076479
13,-0.0261282666
14,20.3000229
15,16.8512505
16,93.9193912
17,100.253372
18,113.889642
19,-14.910669569
20,17.7972845
21,-19.71215114
22,97.2467486
23,6.37523571
24,189.628589
25,58.3638226
26,134.907505
27,3.53743289
28,76.6403257
29,-1.8824587412
