item_id,demand
0,157344.61033
1,110007.77718
2,113089.95355
3,107767.0
4,107283.94838
5,86376.0
6,107309.0
7,105490.73653
8,117802.11377
9,97934.0
10,85137.0
11,94358.5
