checkpoint_id,weight
0,0.0210643
1,0.0208768
2,0.019808
3,0.0187803
4,0.0174169
5,0.0173102
6,0.0164675
7,0.0149602
8,0.0148917
9,0.0143989
10,0.0133206
11,0.0115252
12,0.0105313
13,0.010035
14,0.0096432
15,0.00949376
16,0.0094762
