item_id,demand
0,157344.61033
1,117845.82287
2,121387.97778
3,122529.5819
4,124193.83991
5,110802.52457
6,111973.66667
7,115941.0
8,127089.14155
9,112419.0906
10,123188.0
