checkpoint_id,weight
0,0.0117663
1,0.0108219
2,0.0108
3,0.0107504
4,0.0107086
5,0.0106167
6,0.00955512
7,0.00955512
8,0.00826706
9,0.00802709
10,0.00800857
11,0.00800857
12,0.00793156
13,0.00790619
14,0.00786802
15,0.00777272
16,0.00771421
17,0.00768382
18,0.00761777
19,0.0076132
20,0.00706172
21,0.00698379
22,0.00696162
